"AGE","MARITAL","ADDRESS","INCOME","INCCAT","CAR","CARCAT","ED","EMPLOY","RETIRE","EMPCAT","JOBSAT","GENDER","RESIDE","WIRELESS","MULTLINE","VOICE","PAGER","INTERNET","CALLID","CALLWAIT","OWNTV","OWNVCR","OWNCD","OWNPDA","OWNPC","OWNFAX","NEWS","PREDICTION","PROBABILITE_OUI","PROBABILITE_NON"
53,"Marrié(e)",2,31,"$25 - $49",15.3,"Standard","Bac +3/4",7,"Non","2 à 5","Insatistait","Homme",2,"Non","Non","Non","Non","Aucun","Oui","Non","Oui","Oui","Oui","Non","Non","Non","Non","Non",0.174656286562284,0.825343713437716
53,"Marrié(e)",21,30,"$25 - $49",15.5,"Standard","Inf au Bac",8,"Non","2 à 5","Neutre","Homme",7,"Non","Non","Non","Non","Aucun","Non","Non","Oui","Oui","Oui","Non","Non","Non","Oui","Non",0.121069477844154,0.878930522155846
46,"Marrié(e)",1,105,"$75 - $124",51.2,"Luxe","Bac +5 et +",2,"Non","Moins de 2","Neutre","Femme",4,"Non","Oui","Non","Non","Pas de réponse","Non","Non","Oui","Oui","Oui","Non","Oui","Non","Oui","Non",0.0195448500735271,0.980455149926473
31,"Marrié(e)",3,49,"$25 - $49",24,"Standard","Bac +3/4",2,"Non","Moins de 2","Satisfait","Femme",5,"Non","Non","Non","Non","Aucun","Non","Non","Oui","Oui","Oui","Non","Non","Non","Oui","Non",0.0581451386154211,0.941854861384579
59,"Marrié(e)",35,15,"Inf à $25",7.4,"Economique","Inf au Bac",41,"Oui","6 à 10","Très satisfait","Homme",2,"Non","Oui","Non","Oui","Aucun","Non","Non","Oui","Oui","Oui","Non","Non","Non","Non","Oui",0.577321879387486,0.422678120612514
63,"Marrié(e)",1,11,"Inf à $25",5.5,"Economique","Bac +3/4",6,"Oui","2 à 5","Insatistait","Homme",2,"Oui","Oui","Non","Oui","Aucun","Oui","Non","Oui","Non","Oui","Oui","Oui","Non","Oui","Non",0.443839403014104,0.556160596985896
36,"Non marrié(e)",3,41,"$25 - $49",19.6,"Standard","Niveau Bac",13,"Non","2 à 5","Neutre","Homme",1,"Non","Non","Oui","Non","Aucun","Non","Non","Oui","Non","Oui","Non","Non","Non","Oui","Non",0.186815524807074,0.813184475192926
39,"Non marrié(e)",10,49,"$25 - $49",24.6,"Standard","Bac +3/4",8,"Non","2 à 5","Insatistait","Homme",1,"Oui","Oui","Non","Non","Dial-up","Oui","Non","Oui","Oui","Oui","Non","Non","Non","Oui","Non",0.0271537857412147,0.972846214258785
40,"Marrié(e)",18,50,"$50 - $74",24,"Standard","Bac +3/4",5,"Non","2 à 5","Neutre","Homme",6,"Oui","Oui","Non","Non","Dial-up","Oui","Oui","Oui","Oui","Oui","Non","Oui","Non","Non","Non",0.0295573498971766,0.970442650102823
45,"Non marrié(e)",18,22,"Inf à $25",10.7,"Economique","Niveau Bac",1,"Non","Moins de 2","Neutre","Homme",1,"Oui","Non","Oui","Non","Dial-up","Oui","Non","Oui","Oui","Oui","Non","Oui","Non","Non","Non",0.154154379748997,0.845845620251003
63,"Marrié(e)",23,174,"$75 - $124",89.5,"Luxe","Bac +2",21,"Non","6 à 10","Satisfait","Femme",3,"Oui","Oui","Oui","Oui","Pas de réponse","Non","Non","Oui","Oui","Oui","Non","Oui","Non","Non","Non",0.0185204553600444,0.981479544639956
45,"Non marrié(e)",23,45,"$25 - $49",21.6,"Standard","Bac +3/4",0,"Non","Moins de 2","Très insatisfait","Homme",1,"Non","Non","Non","Non","Aucun","Non","Non","Oui","Oui","Oui","Non","Oui","Non","Oui","Non",0.0370283379155468,0.962971662084453
26,"Non marrié(e)",2,20,"Inf à $25",10,"Economique","Bac +3/4",1,"Non","Moins de 2","Neutre","Femme",1,"Non","Oui","Non","Non","Aucun","Non","Non","Oui","Oui","Oui","Non","Non","Non","Oui","Non",0.0894894451876412,0.910510554812359
56,"Marrié(e)",6,31,"$25 - $49",14.7,"Economique","Inf au Bac",1,"Non","Moins de 2","Très insatisfait","Femme",2,"Non","Non","Non","Non","Pas de réponse","Non","Non","Oui","Oui","Oui","Non","Non","Non","Oui","Non",0.285302065695679,0.714697934304321
33,"Marrié(e)",7,53,"$50 - $74",26.1,"Standard","Niveau Bac",14,"Non","2 à 5","Très satisfait","Femme",4,"Oui","Non","Non","Non","Dial-up","Non","Oui","Oui","Oui","Oui","Non","Oui","Non","Oui","Non",0.0222573159578771,0.977742684042123
53,"Marrié(e)",30,119,"$75 - $124",60.7,"Luxe","Inf au Bac",31,"Non","6 à 10","Satisfait","Homme",3,"Non","Non","Oui","Non","Aucun","Oui","Oui","Oui","Oui","Oui","Non","Non","Non","Non","Non",0.102506434936933,0.897493565063067
41,"Non marrié(e)",6,80,"$75 - $124",39,"Luxe","Bac +2",6,"Non","2 à 5","Très satisfait","Homme",1,"Non","Non","Non","Non","Dial-up","Non","Non","Oui","Oui","Oui","Non","Oui","Non","Non","Non",0.0174787873176083,0.982521212682392
53,"Non marrié(e)",9,49,"$25 - $49",24.1,"Standard","Inf au Bac",15,"Non","6 à 10","Satisfait","Femme",1,"Non","Non","Oui","Non","Aucun","Non","Oui","Oui","Oui","Oui","Non","Oui","Non","Oui","Non",0.101885476752117,0.898114523247883
30,"Marrié(e)",1,57,"$50 - $74",29.7,"Standard","Niveau Bac",8,"Non","2 à 5","Satisfait","Femme",2,"Oui","Non","Oui","Non","Aucun","Oui","Non","Oui","Oui","Oui","Non","Oui","Non","Oui","Non",0.0473217837327135,0.952678216267286
44,"Marrié(e)",18,27,"$25 - $49",13.6,"Economique","Bac +5 et +",2,"Non","Moins de 2","Insatistait","Femme",2,"Oui","Oui","Non","Non","Aucun","Oui","Non","Oui","Oui","Oui","Non","Oui","Non","Oui","Non",0.0563239836652833,0.943676016334717
38,"Non marrié(e)",9,19,"Inf à $25",9.4,"Economique","Niveau Bac",5,"Non","2 à 5","Insatistait","Femme",1,"Oui","Oui","Non","Non","Dial-up","Oui","Oui","Oui","Oui","Oui","Non","Oui","Oui","Non","Non",0.112586710563111,0.887413289436889
35,"Non marrié(e)",2,51,"$50 - $74",24.6,"Standard","Bac +3/4",0,"Non","Moins de 2","Très insatisfait","Femme",1,"Non","Oui","Non","Non","Dial-up","Non","Non","Oui","Oui","Oui","Non","Oui","Non","Oui","Non",0.00970620751977668,0.990293792480223
22,"Marrié(e)",3,76,"$75 - $124",37,"Luxe","Bac +2",0,"Non","Moins de 2","Insatistait","Femme",5,"Oui","Oui","Non","Oui","Dial-up","Non","Oui","Oui","Oui","Oui","Non","Oui","Non","Oui","Non",0.0176724086746681,0.982327591325332
34,"Marrié(e)",10,22,"Inf à $25",10.9,"Economique","Niveau Bac",2,"Non","Moins de 2","Très insatisfait","Femme",5,"Oui","Oui","Oui","Non","Aucun","Non","Oui","Oui","Oui","Oui","Non","Non","Non","Oui","Non",0.170547285812174,0.829452714187826
25,"Marrié(e)",3,18,"Inf à $25",8.7,"Economique","Bac +2",0,"Non","Moins de 2","Très insatisfait","Femme",4,"Oui","Oui","Non","Non","Aucun","Non","Non","Oui","Oui","Non","Non","Non","Oui","Oui","Non",0.213627865501364,0.786372134498636
51,"Non marrié(e)",24,56,"$50 - $74",28.7,"Standard","Niveau Bac",16,"Non","6 à 10","Insatistait","Femme",1,"Non","Non","Non","Non","Aucun","Non","Non","Oui","Oui","Oui","Non","Non","Non","Non","Non",0.0818743758585296,0.91812562414147
48,"Marrié(e)",18,55,"$50 - $74",26.9,"Standard","Niveau Bac",11,"Non","2 à 5","Très satisfait","Homme",5,"Non","Non","Non","Non","Aucun","Oui","Oui","Oui","Oui","Oui","Non","Non","Non","Oui","Non",0.0998455411907969,0.900154458809203
51,"Marrié(e)",14,68,"$50 - $74",33,"Luxe","Bac +2",26,"Non","6 à 10","Très satisfait","Homme",2,"Oui","Oui","Non","Oui","Aucun","Oui","Oui","Oui","Oui","Oui","Non","Non","Non","Non","Non",0.0790124961320142,0.920987503867986
36,"Marrié(e)",5,104,"$75 - $124",51.9,"Luxe","Bac +2",15,"Non","6 à 10","Neutre","Femme",5,"Oui","Oui","Non","Oui","Dial-up","Non","Oui","Oui","Oui","Oui","Oui","Oui","Non","Oui","Non",0.00732940354554287,0.992670596454457
31,"Marrié(e)",3,45,"$25 - $49",22.1,"Standard","Bac +2",1,"Non","Moins de 2","Insatistait","Homme",7,"Non","Non","Non","Non","Dial-up","Oui","Non","Oui","Non","Oui","Oui","Non","Non","Oui","Non",0.132166618668261,0.867833381331739
29,"Marrié(e)",8,93,"$75 - $124",46.9,"Luxe","Bac +3/4",0,"Non","Moins de 2","Très insatisfait","Femme",4,"Non","Oui","Oui","Oui","Aucun","Non","Non","Oui","Oui","Oui","Non","Non","Non","Non","Non",0.043539304418255,0.956460695581745
30,"Non marrié(e)",9,22,"Inf à $25",10.8,"Economique","Bac +2",0,"Non","Moins de 2","Très insatisfait","Homme",2,"Oui","Oui","Oui","Non","Ne sait pas","Non","Non","Oui","Oui","Oui","Oui","Non","Oui","Oui","Non",0.16675047723483,0.83324952276517
33,"Non marrié(e)",9,99,"$75 - $124",51.1,"Luxe","Bac +3/4",6,"Non","2 à 5","Très satisfait","Homme",1,"Oui","Non","Non","Non","Aucun","Non","Oui","Oui","Oui","Oui","Non","Non","Non","Non","Non",0.0328941321329745,0.967105867867025
41,"Non marrié(e)",3,59,"$50 - $74",29.7,"Standard","Bac +3/4",14,"Non","2 à 5","Satisfait","Femme",1,"Oui","Oui","Non","Non","Dial-up","Non","Non","Oui","Oui","Oui","Non","Oui","Oui","Non","Non",0.0115124880946404,0.98848751190536
46,"Marrié(e)",2,46,"$25 - $49",22.7,"Standard","Niveau Bac",5,"Non","2 à 5","Neutre","Homme",3,"Non","Non","Non","Non","Aucun","Oui","Oui","Oui","Oui","Oui","Non","Non","Non","Oui","Non",0.149451170666924,0.850548829333076
42,"Non marrié(e)",11,70,"$50 - $74",35.5,"Luxe","Bac +2",1,"Non","Moins de 2","Très insatisfait","Femme",1,"Oui","Non","Non","Non","Aucun","Oui","Oui","Oui","Oui","Oui","Non","Oui","Non","Oui","Non",0.0269417884022484,0.973058211597752
61,"Marrié(e)",0,102,"$75 - $124",51.9,"Luxe","Bac +5 et +",14,"Non","2 à 5","Satisfait","Homme",3,"Oui","Oui","Non","Non","Dial-up","Non","Non","Oui","Oui","Oui","Non","Oui","Non","Non","Non",0.00943374134811868,0.990566258651881
56,"Non marrié(e)",21,42,"$25 - $49",22.2,"Standard","Niveau Bac",5,"Non","2 à 5","Neutre","Femme",1,"Oui","Oui","Oui","Non","Aucun","Oui","Oui","Oui","Oui","Oui","Oui","Non","Non","Oui","Non",0.101294165785439,0.898705834214561
33,"Non marrié(e)",9,71,"$50 - $74",37,"Luxe","Niveau Bac",7,"Non","2 à 5","Insatistait","Femme",1,"Non","Non","Non","Non","Aucun","Oui","Non","Oui","Oui","Oui","Non","Non","Non","Oui","Non",0.0404059091898749,0.959594090810125
27,"Marrié(e)",0,18,"Inf à $25",9,"Economique","Bac +3/4",2,"Non","Moins de 2","Très insatisfait","Femme",4,"Oui","Non","Non","Non","Pas de réponse","Oui","Oui","Non","Oui","Oui","Oui","Oui","Oui","Oui","Non",0.481657129958036,0.518342870041964
58,"Marrié(e)",31,33,"$25 - $49",16.5,"Standard","Niveau Bac",0,"Non","Moins de 2","Très insatisfait","Femme",2,"Non","Oui","Oui","Non","Aucun","Non","Oui","Oui","Oui","Oui","Non","Non","Non","Non","Non",0.205454159586172,0.794545840413828
46,"Non marrié(e)",18,47,"$25 - $49",23,"Standard","Bac +3/4",10,"Non","2 à 5","Neutre","Homme",1,"Oui","Non","Non","Non","Dial-up","Oui","Non","Oui","Oui","Oui","Oui","Non","Non","Oui","Non",0.0316287433887081,0.968371256611292
53,"Non marrié(e)",18,53,"$50 - $74",25.2,"Standard","Inf au Bac",10,"Non","2 à 5","Très satisfait","Femme",1,"Non","Non","Non","Non","Dial-up","Non","Oui","Oui","Oui","Oui","Oui","Oui","Non","Oui","Non",0.0343268310041961,0.965673168995804
44,"Non marrié(e)",11,22,"Inf à $25",11.1,"Economique","Niveau Bac",2,"Non","Moins de 2","Neutre","Homme",1,"Oui","Oui","Non","Non","Aucun","Non","Oui","Oui","Oui","Oui","Non","Non","Non","Non","Non",0.218813707494139,0.781186292505861
32,"Marrié(e)",5,38,"$25 - $49",18.6,"Standard","Bac +3/4",7,"Non","2 à 5","Insatistait","Femme",3,"Oui","Oui","Oui","Oui","Dial-up","Oui","Non","Oui","Oui","Oui","Oui","Oui","Non","Non","Non",0.0599527999162679,0.940047200083732
31,"Marrié(e)",0,24,"Inf à $25",11.6,"Economique","Bac +2",2,"Non","Moins de 2","Neutre","Homme",5,"Non","Oui","Non","Non","Aucun","Oui","Non","Oui","Oui","Oui","Non","Oui","Non","Non","Non",0.179246198260638,0.820753801739362
45,"Marrié(e)",19,54,"$50 - $74",26.3,"Standard","Bac +2",5,"Non","2 à 5","Satisfait","Femme",3,"Non","Non","Oui","Oui","Aucun","Non","Oui","Oui","Oui","Oui","Non","Non","Non","Non","Non",0.21176398973991,0.78823601026009
32,"Non marrié(e)",0,25,"$25 - $49",12.7,"Economique","Niveau Bac",4,"Non","Moins de 2","Insatistait","Femme",3,"Non","Non","Oui","Non","Aucun","Oui","Oui","Oui","Oui","Oui","Non","Non","Non","Oui","Non",0.269819056526261,0.730180943473739
21,"Non marrié(e)",1,28,"$25 - $49",13.6,"Economique","Bac +2",0,"Non","Moins de 2","Très satisfait","Homme",2,"Non","Oui","Non","Non","Dial-up","Non","Non","Oui","Oui","Oui","Non","Non","Non","Oui","Non",0.0546153056639184,0.945384694336082
47,"Marrié(e)",25,65,"$50 - $74",32,"Luxe","Bac +3/4",3,"Non","Moins de 2","Satisfait","Femme",4,"Oui","Oui","Non","Non","Dial-up","Oui","Oui","Oui","Oui","Oui","Oui","Non","Oui","Oui","Non",0.0146734442753469,0.985326555724653
30,"Non marrié(e)",8,32,"$25 - $49",16.3,"Standard","Bac +2",3,"Non","Moins de 2","Insatistait","Homme",3,"Non","Non","Non","Non","Aucun","Oui","Non","Oui","Oui","Non","Non","Non","Non","Oui","Non",0.255525284470566,0.744474715529434
47,"Marrié(e)",19,213,"$75 - $124",78,"Luxe","Bac +3/4",23,"Non","6 à 10","Très satisfait","Femme",2,"Oui","Oui","Oui","Oui","Dial-up","Oui","Oui","Oui","Oui","Oui","Non","Oui","Oui","Non","Non",0.00773887059071534,0.992261129409285
30,"Marrié(e)",0,27,"$25 - $49",13.3,"Economique","Inf au Bac",10,"Non","2 à 5","Très satisfait","Femme",5,"Non","Non","Non","Non","Aucun","Non","Non","Oui","Oui","Non","Non","Oui","Non","Oui","Non",0.210477605757181,0.789522394242819
47,"Marrié(e)",16,26,"$25 - $49",13.4,"Economique","Inf au Bac",1,"Non","Moins de 2","Neutre","Femme",4,"Oui","Oui","Non","Non","Aucun","Non","Oui","Oui","Oui","Oui","Oui","Oui","Non","Non","Non",0.133093075623811,0.866906924376189
46,"Non marrié(e)",26,31,"$25 - $49",15.4,"Standard","Niveau Bac",11,"Non","2 à 5","Insatistait","Femme",1,"Non","Oui","Non","Non","Aucun","Oui","Oui","Oui","Oui","Oui","Non","Non","Non","Non","Non",0.174013512789942,0.825986487210058
45,"Marrié(e)",23,37,"$25 - $49",18.7,"Standard","Inf au Bac",1,"Non","Moins de 2","Très insatisfait","Femme",2,"Non","Non","Non","Non","Aucun","Non","Non","Oui","Oui","Oui","Non","Non","Non","Non","Non",0.172813481409655,0.827186518590345
51,"Marrié(e)",18,16,"Inf à $25",7.7,"Economique","Inf au Bac",3,"Non","Moins de 2","Insatistait","Homme",4,"Oui","Non","Oui","Non","Aucun","Oui","Oui","Oui","Oui","Oui","Non","Non","Non","Oui","Non",0.450080908899557,0.549919091100443
49,"Non marrié(e)",10,177,"$75 - $124",88.9,"Luxe","Bac +2",27,"Non","6 à 10","Très satisfait","Homme",1,"Non","Oui","Non","Non","Aucun","Non","Non","Oui","Oui","Oui","Non","Non","Non","Non","Non",0.00690384035687199,0.993096159643128
68,"Non marrié(e)",39,16,"Inf à $25",7.8,"Economique","Bac +5 et +",3,"Oui","Moins de 2","Très insatisfait","Femme",1,"Oui","Oui","Oui","Oui","Aucun","Non","Oui","Oui","Oui","Oui","Oui","Oui","Oui","Non","Non",0.490265910263187,0.509734089736813
43,"Non marrié(e)",4,33,"$25 - $49",16.7,"Standard","Inf au Bac",15,"Non","6 à 10","Très satisfait","Femme",1,"Non","Non","Oui","Non","Aucun","Oui","Oui","Oui","Oui","Oui","Non","Non","Non","Non","Non",0.299759060003044,0.700240939996956
30,"Marrié(e)",0,44,"$25 - $49",23.5,"Standard","Niveau Bac",3,"Non","Moins de 2","Insatistait","Femme",4,"Non","Non","Non","Non","Aucun","Oui","Non","Oui","Oui","Oui","Non","Oui","Non","Oui","Non",0.0781852555820171,0.921814744417983
44,"Non marrié(e)",16,86,"$75 - $124",43.4,"Luxe","Bac +5 et +",0,"Non","Moins de 2","Insatistait","Homme",1,"Oui","Oui","Oui","Non","Dial-up","Oui","Non","Oui","Oui","Oui","Oui","Oui","Non","Oui","Non",0.00972515951802769,0.990274840481972
27,"Marrié(e)",2,22,"Inf à $25",11.2,"Economique","Bac +5 et +",0,"Non","Moins de 2","Très insatisfait","Homme",4,"Non","Oui","Non","Non","Dial-up","Non","Non","Oui","Oui","Oui","Non","Oui","Non","Oui","Non",0.0460370824511617,0.953962917548838
58,"Marrié(e)",22,41,"$25 - $49",20.5,"Standard","Niveau Bac",2,"Non","Moins de 2","Insatistait","Homme",2,"Non","Oui","Non","Non","Aucun","Non","Non","Oui","Oui","Oui","Non","Oui","Non","Oui","Non",0.053915045593282,0.946084954406718
25,"Marrié(e)",0,21,"Inf à $25",10,"Economique","Bac +2",1,"Non","Moins de 2","Neutre","Femme",4,"Oui","Non","Oui","Oui","Aucun","Oui","Oui","Oui","Oui","Oui","Non","Oui","Oui","Oui","Non",0.28539588490956,0.71460411509044
31,"Non marrié(e)",10,34,"$25 - $49",16.9,"Standard","Bac +2",5,"Non","2 à 5","Très satisfait","Homme",2,"Oui","Non","Oui","Non","Aucun","Oui","Non","Oui","Oui","Oui","Oui","Non","Non","Oui","Non",0.103693172894305,0.896306827105695
40,"Marrié(e)",14,86,"$75 - $124",43.9,"Luxe","Bac +3/4",15,"Non","6 à 10","Satisfait","Homme",4,"Oui","Oui","Non","Non","Dial-up","Non","Non","Oui","Oui","Oui","Non","Oui","Non","Non","Non",0.00647394485228057,0.99352605514772
55,"Non marrié(e)",10,30,"$25 - $49",14.6,"Economique","Bac +2",4,"Non","Moins de 2","Très satisfait","Femme",4,"Oui","Oui","Oui","Non","Aucun","Oui","Oui","Oui","Oui","Oui","Oui","Oui","Non","Oui","Non",0.0966698410210016,0.903330158978998
39,"Marrié(e)",11,27,"$25 - $49",13.4,"Economique","Bac +5 et +",4,"Non","Moins de 2","Satisfait","Homme",3,"Oui","Non","Non","Non","Aucun","Oui","Oui","Oui","Oui","Oui","Non","Oui","Oui","Oui","Non",0.0980985455568972,0.901901454443103
47,"Non marrié(e)",3,165,"$75 - $124",83.6,"Luxe","Bac +5 et +",10,"Non","2 à 5","Satisfait","Femme",1,"Oui","Oui","Oui","Non","Dial-up","Non","Non","Oui","Oui","Oui","Non","Non","Non","Oui","Non",0.00302442369805701,0.996975576301943
62,"Marrié(e)",19,10,"Inf à $25",5,"Economique","Niveau Bac",1,"Oui","Moins de 2","Satisfait","Femme",2,"Non","Oui","Non","Non","Aucun","Oui","Non","Oui","Non","Oui","Non","Non","Non","Non","Oui",0.669936347137223,0.330063652862777
42,"Non marrié(e)",15,73,"$50 - $74",35.9,"Luxe","Bac +2",6,"Non","2 à 5","Très satisfait","Homme",2,"Non","Oui","Oui","Oui","Aucun","Oui","Oui","Oui","Oui","Oui","Oui","Oui","Oui","Oui","Non",0.0425051663286386,0.957494833671361
45,"Non marrié(e)",23,77,"$75 - $124",38.3,"Luxe","Bac +2",4,"Non","Moins de 2","Très insatisfait","Femme",1,"Oui","Non","Non","Oui","Dial-up","Non","Oui","Oui","Oui","Oui","Oui","Oui","Non","Oui","Non",0.0149041176850706,0.985095882314929
50,"Non marrié(e)",9,39,"$25 - $49",19.1,"Standard","Inf au Bac",1,"Non","Moins de 2","Très insatisfait","Femme",1,"Non","Non","Non","Non","Aucun","Non","Non","Oui","Oui","Oui","Non","Oui","Non","Non","Non",0.109586515268931,0.890413484731069
44,"Non marrié(e)",15,174,"$75 - $124",88.2,"Luxe","Niveau Bac",23,"Non","6 à 10","Neutre","Femme",1,"Non","Oui","Oui","Non","Aucun","Non","Oui","Oui","Oui","Oui","Non","Oui","Non","Non","Non",0.00788581069338081,0.992114189306619
49,"Marrié(e)",15,20,"Inf à $25",9.3,"Economique","Inf au Bac",2,"Non","Moins de 2","Satisfait","Homme",2,"Non","Non","Oui","Non","Aucun","Oui","Oui","Oui","Oui","Oui","Non","Oui","Non","Non","Non",0.46761192717018,0.53238807282982
44,"Marrié(e)",20,68,"$50 - $74",34.2,"Luxe","Bac +2",10,"Non","2 à 5","Très insatisfait","Femme",2,"Non","Non","Non","Non","Aucun","Non","Non","Oui","Oui","Oui","Non","Non","Non","Oui","Non",0.0284628651511268,0.971537134848873
56,"Marrié(e)",7,86,"$75 - $124",42.5,"Luxe","Inf au Bac",29,"Non","6 à 10","Satisfait","Homme",2,"Non","Non","Non","Oui","Dial-up","Non","Oui","Oui","Oui","Oui","Non","Non","Non","Non","Non",0.0760113419846072,0.923988658015393
36,"Marrié(e)",4,37,"$25 - $49",18.3,"Standard","Niveau Bac",7,"Non","2 à 5","Neutre","Femme",4,"Non","Oui","Non","Non","Dial-up","Non","Non","Oui","Oui","Oui","Oui","Oui","Non","Non","Non",0.0329963422380005,0.967003657762
49,"Marrié(e)",3,50,"$50 - $74",24.4,"Standard","Niveau Bac",2,"Non","Moins de 2","Satisfait","Homme",4,"Non","Non","Non","Non","Aucun","Oui","Non","Oui","Oui","Oui","Non","Non","Non","Oui","Non",0.0838522835238881,0.916147716476112
21,"Non marrié(e)",0,13,"Inf à $25",6.5,"Economique","Bac +2",0,"Non","Moins de 2","Très insatisfait","Homme",2,"Non","Non","Non","Non","Aucun","Non","Non","Oui","Non","Oui","Non","Non","Non","Oui","Non",0.318526825688508,0.681473174311493
43,"Non marrié(e)",3,218,"$75 - $124",74.4,"Luxe","Niveau Bac",24,"Non","6 à 10","Très satisfait","Femme",1,"Non","Non","Non","Non","Aucun","Oui","Oui","Oui","Oui","Oui","Non","Non","Non","Oui","Non",0.015354608115496,0.984645391884504
59,"Marrié(e)",6,145,"$75 - $124",75.6,"Luxe","Bac +3/4",13,"Non","2 à 5","Neutre","Homme",2,"Non","Non","Oui","Oui","Aucun","Oui","Oui","Oui","Oui","Oui","Oui","Non","Non","Non","Non",0.0594845922822813,0.940515407717719
45,"Marrié(e)",19,75,"$75 - $124",36.7,"Luxe","Bac +2",7,"Non","2 à 5","Neutre","Femme",2,"Oui","Oui","Oui","Non","Dial-up","Non","Non","Oui","Oui","Oui","Non","Oui","Oui","Non","Non",0.0136738169221614,0.986326183077839
50,"Marrié(e)",12,20,"Inf à $25",10,"Economique","Inf au Bac",2,"Non","Moins de 2","Insatistait","Homme",2,"Non","Non","Oui","Non","Aucun","Non","Oui","Oui","Oui","Oui","Non","Oui","Non","Oui","Non",0.315585297410018,0.684414702589982
32,"Non marrié(e)",13,46,"$25 - $49",22.5,"Standard","Inf au Bac",11,"Non","2 à 5","Insatistait","Femme",1,"Oui","Non","Oui","Oui","Aucun","Oui","Oui","Oui","Oui","Oui","Oui","Non","Oui","Oui","Non",0.235630690143811,0.764369309856189
26,"Non marrié(e)",4,22,"Inf à $25",10.7,"Economique","Inf au Bac",1,"Non","Moins de 2","Très insatisfait","Homme",2,"Non","Non","Non","Non","Aucun","Oui","Non","Oui","Oui","Oui","Non","Non","Non","Oui","Non",0.268791867846163,0.731208132153837
48,"Marrié(e)",20,39,"$25 - $49",19.2,"Standard","Bac +5 et +",1,"Non","Moins de 2","Très insatisfait","Homme",2,"Oui","Oui","Oui","Non","Dial-up","Non","Oui","Oui","Oui","Oui","Non","Oui","Oui","Non","Non",0.0533319637692872,0.946668036230713
67,"Marrié(e)",35,149,"$75 - $124",75.3,"Luxe","Bac +5 et +",24,"Non","6 à 10","Insatistait","Femme",2,"Non","Oui","Non","Non","Aucun","Non","Non","Oui","Oui","Oui","Non","Oui","Non","Non","Non",0.0110106198265045,0.988989380173496
28,"Non marrié(e)",3,22,"Inf à $25",11.7,"Economique","Niveau Bac",3,"Non","Moins de 2","Très insatisfait","Homme",1,"Non","Non","Oui","Non","Aucun","Oui","Oui","Oui","Oui","Non","Non","Oui","Non","Oui","Non",0.431623792035079,0.568376207964921
44,"Marrié(e)",14,75,"$75 - $124",37.7,"Luxe","Bac +2",8,"Non","2 à 5","Satisfait","Homme",4,"Oui","Oui","Non","Oui","Aucun","Oui","Oui","Oui","Oui","Oui","Oui","Oui","Non","Non","Non",0.0478534534153178,0.952146546584682
26,"Marrié(e)",1,23,"Inf à $25",11.7,"Economique","Inf au Bac",10,"Non","2 à 5","Neutre","Femme",5,"Non","Oui","Oui","Oui","Aucun","Non","Oui","Oui","Oui","Oui","Non","Oui","Non","Oui","Non",0.254505208485631,0.745494791514369
36,"Non marrié(e)",0,24,"Inf à $25",12,"Economique","Bac +2",0,"Non","Moins de 2","Insatistait","Femme",2,"Oui","Non","Oui","Non","Dial-up","Non","Non","Oui","Non","Non","Oui","Oui","Non","Oui","Non",0.294010738198813,0.705989261801187
22,"Marrié(e)",3,20,"Inf à $25",10,"Economique","Inf au Bac",4,"Non","Moins de 2","Neutre","Femme",3,"Non","Non","Oui","Non","Aucun","Oui","Oui","Oui","Oui","Oui","Non","Oui","Non","Oui","Non",0.33061057788144,0.66938942211856
56,"Marrié(e)",21,298,"$75 - $124",79.5,"Luxe","Niveau Bac",37,"Non","6 à 10","Très satisfait","Homme",3,"Non","Oui","Oui","Non","Aucun","Non","Non","Oui","Oui","Oui","Non","Oui","Non","Non","Non",0.00951187548358053,0.990488124516419
42,"Non marrié(e)",19,40,"$25 - $49",19.8,"Standard","Bac +2",10,"Non","2 à 5","Insatistait","Homme",1,"Oui","Oui","Oui","Non","Dial-up","Oui","Non","Oui","Oui","Oui","Non","Non","Non","Non","Non",0.085469449309908,0.914530550690092
29,"Non marrié(e)",7,22,"Inf à $25",10.8,"Economique","Niveau Bac",5,"Non","2 à 5","Très satisfait","Femme",1,"Oui","Non","Non","Non","Aucun","Oui","Non","Oui","Oui","Oui","Non","Oui","Non","Oui","Non",0.103118754357886,0.896881245642114
25,"Non marrié(e)",1,30,"$25 - $49",14.4,"Economique","Niveau Bac",3,"Non","Moins de 2","Satisfait","Homme",2,"Non","Non","Non","Non","Aucun","Non","Non","Oui","Oui","Oui","Non","Oui","Non","Oui","Non",0.0788868665847446,0.921113133415255
44,"Marrié(e)",16,44,"$25 - $49",22,"Standard","Bac +3/4",4,"Non","Moins de 2","Insatistait","Femme",2,"Oui","Non","Oui","Non","Aucun","Non","Oui","Oui","Oui","Oui","Non","Oui","Oui","Oui","Non",0.0655306532002554,0.934469346799745
33,"Non marrié(e)",12,36,"$25 - $49",18.1,"Standard","Inf au Bac",14,"Non","2 à 5","Très satisfait","Homme",1,"Non","Non","Oui","Non","Aucun","Oui","Oui","Oui","Oui","Oui","Non","Non","Non","Oui","Non",0.22225623302116,0.77774376697884
47,"Non marrié(e)",12,37,"$25 - $49",18.5,"Standard","Niveau Bac",0,"Non","Moins de 2","Très insatisfait","Homme",1,"Non","Non","Oui","Non","Dial-up","Oui","Oui","Oui","Oui","Oui","Non","Non","Non","Oui","Non",0.113181139590046,0.886818860409954
59,"Marrié(e)",3,607,"$75 - $124",68.1,"Luxe","Niveau Bac",39,"Non","6 à 10","Très satisfait","Femme",3,"Oui","Non","Oui","Oui","Aucun","Oui","Oui","Oui","Oui","Oui","Oui","Oui","Non","Oui","Non",0.0306180518466106,0.969381948153389
51,"Non marrié(e)",17,63,"$50 - $74",30.7,"Luxe","Bac +2",9,"Non","2 à 5","Neutre","Homme",1,"Oui","Non","Non","Non","Aucun","Oui","Oui","Oui","Oui","Oui","Non","Oui","Non","Non","Non",0.0565777335516384,0.943422266448362
70,"Non marrié(e)",26,49,"$25 - $49",24.8,"Standard","Bac +3/4",19,"Oui","6 à 10","Insatistait","Femme",1,"Non","Oui","Non","Oui","Aucun","Non","Non","Oui","Oui","Oui","Non","Non","Non","Oui","Non",0.162181701497827,0.837818298502173
34,"Non marrié(e)",12,31,"$25 - $49",14.9,"Economique","Niveau Bac",3,"Non","Moins de 2","Satisfait","Femme",1,"Non","Oui","Non","Non","Dial-up","Non","Oui","Oui","Oui","Oui","Oui","Oui","Non","Oui","Non",0.0346217150405431,0.965378284959457
63,"Marrié(e)",17,46,"$25 - $49",22.7,"Standard","Bac +2",16,"Non","6 à 10","Insatistait","Homme",2,"Non","Oui","Oui","Oui","Aucun","Non","Non","Oui","Oui","Oui","Non","Non","Non","Non","Non",0.207644108003145,0.792355891996855
43,"Non marrié(e)",4,50,"$50 - $74",24.8,"Standard","Niveau Bac",12,"Non","2 à 5","Insatistait","Femme",1,"Non","Non","Oui","Oui","Aucun","Oui","Oui","Oui","Oui","Oui","Non","Oui","Non","Non","Non",0.194286462077419,0.805713537922581
39,"Non marrié(e)",7,61,"$50 - $74",30,"Luxe","Niveau Bac",12,"Non","2 à 5","Très insatisfait","Homme",1,"Non","Non","Non","Non","Aucun","Oui","Non","Oui","Oui","Oui","Non","Non","Non","Non","Non",0.0674721628180114,0.932527837181989
53,"Marrié(e)",1,117,"$75 - $124",58.5,"Luxe","Inf au Bac",32,"Non","6 à 10","Très satisfait","Homme",2,"Non","Non","Oui","Oui","Aucun","Non","Oui","Oui","Oui","Oui","Non","Non","Non","Non","Non",0.118302930480621,0.881697069519379
52,"Non marrié(e)",27,16,"Inf à $25",8,"Economique","Bac +2",0,"Non","Moins de 2","Très insatisfait","Homme",1,"Non","Non","Non","Non","Aucun","Non","Oui","Oui","Oui","Oui","Non","Non","Non","Oui","Non",0.230093360971732,0.769906639028268
20,"Marrié(e)",0,25,"$25 - $49",12.7,"Economique","Inf au Bac",3,"Non","Moins de 2","Satisfait","Femme",6,"Non","Non","Non","Non","Aucun","Oui","Non","Oui","Oui","Oui","Non","Non","Non","Oui","Non",0.207485909333553,0.792514090666447
19,"Non marrié(e)",0,34,"$25 - $49",17.1,"Standard","Niveau Bac",0,"Non","Moins de 2","Insatistait","Homme",2,"Non","Non","Non","Oui","Aucun","Oui","Oui","Oui","Non","Oui","Oui","Non","Non","Oui","Non",0.406112195691943,0.593887804308057
25,"Marrié(e)",2,21,"Inf à $25",10.4,"Economique","Bac +3/4",1,"Non","Moins de 2","Insatistait","Femme",2,"Non","Non","Non","Non","Dial-up","Non","Non","Non","Non","Oui","Non","Oui","Non","Oui","Non",0.320213604945568,0.679786395054432
34,"Non marrié(e)",4,30,"$25 - $49",15.1,"Standard","Inf au Bac",5,"Non","2 à 5","Très insatisfait","Femme",1,"Oui","Non","Oui","Oui","Aucun","Oui","Oui","Oui","Oui","Oui","Non","Non","Non","Oui","Non",0.25004929111516,0.74995070888484
46,"Marrié(e)",24,182,"$75 - $124",91.7,"Luxe","Bac +2",24,"Non","6 à 10","Satisfait","Homme",3,"Non","Non","Non","Non","Dial-up","Oui","Oui","Oui","Oui","Oui","Non","Non","Non","Oui","Non",0.00608082678929319,0.993919173210707
25,"Marrié(e)",2,19,"Inf à $25",9.5,"Economique","Niveau Bac",3,"Non","Moins de 2","Très satisfait","Femme",2,"Non","Non","Non","Non","Pas de réponse","Non","Non","Non","Oui","Non","Non","Oui","Non","Oui","Oui",0.697558494091033,0.302441505908967
26,"Non marrié(e)",2,24,"Inf à $25",11.9,"Economique","Niveau Bac",4,"Non","Moins de 2","Insatistait","Homme",2,"Non","Non","Non","Non","Aucun","Non","Non","Oui","Oui","Oui","Non","Non","Non","Oui","Non",0.195310945501143,0.804689054498857
34,"Non marrié(e)",0,30,"$25 - $49",14.8,"Economique","Niveau Bac",3,"Non","Moins de 2","Satisfait","Homme",1,"Non","Non","Non","Non","Dial-up","Non","Non","Oui","Oui","Oui","Non","Non","Non","Oui","Non",0.0678836143051418,0.932116385694858
55,"Marrié(e)",10,159,"$75 - $124",79.7,"Luxe","Niveau Bac",29,"Non","6 à 10","Satisfait","Femme",2,"Non","Non","Oui","Non","Aucun","Oui","Oui","Oui","Oui","Oui","Non","Non","Non","Non","Non",0.0374996732569002,0.9625003267431
53,"Non marrié(e)",18,37,"$25 - $49",18.2,"Standard","Bac +3/4",4,"Non","Moins de 2","Insatistait","Homme",1,"Oui","Oui","Non","Oui","Aucun","Oui","Oui","Oui","Oui","Oui","Oui","Oui","Oui","Non","Non",0.110785696091846,0.889214303908154
28,"Marrié(e)",2,31,"$25 - $49",15.7,"Standard","Bac +2",4,"Non","Moins de 2","Très satisfait","Homme",4,"Oui","Non","Non","Non","Aucun","Non","Non","Oui","Oui","Oui","Non","Non","Non","Oui","Non",0.0792077560054451,0.920792243994555
46,"Marrié(e)",14,42,"$25 - $49",20.8,"Standard","Inf au Bac",5,"Non","2 à 5","Satisfait","Homme",4,"Non","Non","Oui","Non","Aucun","Oui","Oui","Oui","Oui","Oui","Non","Non","Oui","Oui","Non",0.237817024358218,0.762182975641782
74,"Marrié(e)",3,103,"$75 - $124",51.4,"Luxe","Niveau Bac",30,"Non","6 à 10","Satisfait","Femme",2,"Oui","Non","Non","Non","Aucun","Oui","Oui","Oui","Oui","Oui","Non","Non","Oui","Non","Non",0.0752696854419745,0.924730314558025
33,"Marrié(e)",2,82,"$75 - $124",42.1,"Luxe","Bac +3/4",3,"Non","Moins de 2","Très satisfait","Femme",6,"Non","Non","Oui","Oui","Aucun","Oui","Oui","Oui","Oui","Oui","Non","Non","Non","Oui","Non",0.0740561222926101,0.92594387770739
34,"Non marrié(e)",11,26,"$25 - $49",13.1,"Economique","Bac +3/4",0,"Non","Moins de 2","Très insatisfait","Femme",3,"Non","Oui","Non","Non","Dial-up","Non","Non","Oui","Oui","Oui","Non","Oui","Oui","Non","Non",0.0331676441033717,0.966832355896628
40,"Non marrié(e)",3,423,"$75 - $124",71.3,"Luxe","Bac +3/4",17,"Non","6 à 10","Très satisfait","Femme",5,"Oui","Oui","Oui","Oui","Dial-up","Oui","Oui","Oui","Oui","Oui","Oui","Oui","Oui","Oui","Non",0.00483910729808281,0.995160892701917
52,"Marrié(e)",29,184,"$75 - $124",92.3,"Luxe","Niveau Bac",31,"Non","6 à 10","Satisfait","Homme",2,"Non","Oui","Oui","Oui","Aucun","Non","Non","Oui","Oui","Oui","Non","Oui","Non","Non","Non",0.00911999139068908,0.990880008609311
38,"Non marrié(e)",10,41,"$25 - $49",20.1,"Standard","Bac +5 et +",0,"Non","Moins de 2","Satisfait","Homme",1,"Oui","Non","Non","Non","Dial-up","Oui","Oui","Oui","Oui","Oui","Non","Oui","Oui","Oui","Non",0.0383059194834501,0.96169408051655
49,"Marrié(e)",19,89,"$75 - $124",44.7,"Luxe","Niveau Bac",25,"Non","6 à 10","Très satisfait","Femme",2,"Non","Oui","Non","Non","Aucun","Non","Oui","Oui","Oui","Oui","Non","Non","Non","Non","Non",0.0368845371442275,0.963115462855773
35,"Non marrié(e)",8,70,"$50 - $74",34.1,"Luxe","Bac +2",9,"Non","2 à 5","Satisfait","Homme",3,"Non","Non","Non","Non","Dial-up","Non","Oui","Oui","Oui","Oui","Non","Oui","Non","Oui","Non",0.0162389602256762,0.983761039774324
53,"Marrié(e)",4,108,"$75 - $124",51.8,"Luxe","Inf au Bac",33,"Non","6 à 10","Très satisfait","Homme",2,"Non","Oui","Oui","Non","Aucun","Oui","Oui","Oui","Oui","Oui","Non","Non","Non","Non","Non",0.0878501247125545,0.912149875287446
31,"Marrié(e)",9,40,"$25 - $49",21.3,"Standard","Bac +3/4",0,"Non","Moins de 2","Insatistait","Femme",4,"Non","Non","Non","Non","Aucun","Non","Non","Oui","Oui","Non","Non","Non","Non","Oui","Non",0.156537465261705,0.843462534738295
39,"Marrié(e)",10,40,"$25 - $49",19.6,"Standard","Niveau Bac",7,"Non","2 à 5","Insatistait","Femme",3,"Non","Oui","Oui","Oui","Aucun","Oui","Oui","Oui","Oui","Oui","Non","Oui","Non","Oui","Non",0.134347379468939,0.865652620531061
42,"Marrié(e)",8,79,"$75 - $124",39.5,"Luxe","Inf au Bac",13,"Non","2 à 5","Satisfait","Femme",2,"Non","Non","Non","Non","Aucun","Non","Non","Oui","Oui","Oui","Non","Non","Non","Oui","Non",0.0366663384870695,0.963333661512931
31,"Non marrié(e)",0,18,"Inf à $25",8.8,"Economique","Inf au Bac",2,"Non","Moins de 2","Satisfait","Femme",1,"Oui","Non","Oui","Non","Aucun","Non","Oui","Oui","Oui","Oui","Non","Non","Non","Non","Non",0.429660904680516,0.570339095319484
58,"Non marrié(e)",30,100,"$75 - $124",49.5,"Luxe","Inf au Bac",36,"Non","6 à 10","Satisfait","Femme",1,"Non","Non","Oui","Oui","Aucun","Oui","Oui","Oui","Oui","Oui","Non","Non","Non","Non","Non",0.161574524511089,0.838425475488911
43,"Marrié(e)",4,58,"$50 - $74",28.4,"Standard","Bac +5 et +",5,"Non","2 à 5","Neutre","Homme",4,"Oui","Oui","Non","Non","Dial-up","Non","Non","Oui","Oui","Oui","Non","Non","Non","Oui","Non",0.0171055638398239,0.982894436160176
38,"Marrié(e)",14,42,"$25 - $49",20.3,"Standard","Niveau Bac",17,"Non","6 à 10","Neutre","Homme",5,"Non","Non","Non","Non","Dial-up","Non","Non","Oui","Oui","Oui","Non","Oui","Non","Oui","Non",0.0261668396248204,0.97383316037518
50,"Non marrié(e)",9,75,"$75 - $124",37.5,"Luxe","Bac +3/4",7,"Non","2 à 5","Neutre","Femme",1,"Non","Non","Non","Non","Aucun","Non","Non","Oui","Oui","Oui","Non","Oui","Non","Oui","Non",0.0129169801412162,0.987083019858784
43,"Marrié(e)",18,27,"$25 - $49",13.5,"Economique","Niveau Bac",5,"Non","2 à 5","Satisfait","Femme",2,"Non","Non","Non","Non","Aucun","Oui","Oui","Oui","Oui","Oui","Non","Oui","Non","Oui","Non",0.120902549646069,0.879097450353931
30,"Marrié(e)",6,37,"$25 - $49",18.7,"Standard","Bac +3/4",3,"Non","Moins de 2","Neutre","Femme",4,"Oui","Non","Non","Non","Dial-up","Oui","Oui","Oui","Oui","Oui","Non","Non","Oui","Oui","Non",0.0536998684514018,0.946300131548598
19,"Marrié(e)",0,15,"Inf à $25",7.4,"Economique","Niveau Bac",0,"Non","Moins de 2","Neutre","Femme",5,"Non","Non","Non","Non","Aucun","Non","Non","Oui","Oui","Oui","Non","Non","Non","Oui","Non",0.193355546489209,0.806644453510792
25,"Marrié(e)",2,23,"Inf à $25",11.5,"Economique","Inf au Bac",3,"Non","Moins de 2","Insatistait","Homme",7,"Oui","Oui","Oui","Oui","Pas de réponse","Oui","Oui","Oui","Oui","Oui","Oui","Oui","Non","Non","Oui",0.624515487294794,0.375484512705206
55,"Non marrié(e)",5,55,"$50 - $74",28.3,"Standard","Niveau Bac",12,"Non","2 à 5","Satisfait","Homme",1,"Non","Non","Non","Non","Aucun","Non","Non","Oui","Oui","Oui","Non","Non","Non","Non","Non",0.0917305267506392,0.908269473249361
54,"Marrié(e)",23,47,"$25 - $49",22.9,"Standard","Inf au Bac",4,"Non","Moins de 2","Satisfait","Homme",2,"Non","Non","Non","Non","Aucun","Non","Non","Oui","Oui","Oui","Non","Oui","Non","Non","Non",0.133145515470486,0.866854484529514
50,"Non marrié(e)",30,215,"$75 - $124",77.7,"Luxe","Niveau Bac",14,"Non","2 à 5","Satisfait","Homme",1,"Oui","Non","Non","Non","Dial-up","Oui","Oui","Oui","Oui","Oui","Non","Non","Non","Oui","Non",0.00903795609404795,0.990962043905952
70,"Marrié(e)",24,122,"$75 - $124",62,"Luxe","Bac +3/4",36,"Non","6 à 10","Très satisfait","Homme",2,"Non","Oui","Non","Non","Aucun","Non","Non","Oui","Oui","Oui","Non","Non","Non","Non","Non",0.020347363459172,0.979652636540828
29,"Marrié(e)",0,33,"$25 - $49",16.8,"Standard","Bac +5 et +",1,"Non","Moins de 2","Insatistait","Homme",2,"Non","Non","Non","Non","Dial-up","Non","Non","Oui","Oui","Oui","Non","Oui","Non","Non","Non",0.0643353380937764,0.935664661906224
48,"Marrié(e)",29,184,"$75 - $124",92.7,"Luxe","Bac +3/4",24,"Non","6 à 10","Insatistait","Femme",2,"Non","Oui","Oui","Non","Aucun","Non","Oui","Oui","Oui","Oui","Non","Oui","Non","Non","Non",0.00686202064917839,0.993137979350822
66,"Non marrié(e)",1,68,"$50 - $74",34.7,"Luxe","Niveau Bac",14,"Non","2 à 5","Neutre","Femme",1,"Non","Non","Non","Non","Aucun","Oui","Oui","Oui","Oui","Oui","Non","Non","Non","Oui","Non",0.0706476074432743,0.929352392556726
59,"Non marrié(e)",15,23,"Inf à $25",11.4,"Economique","Bac +3/4",2,"Non","Moins de 2","Insatistait","Femme",2,"Oui","Non","Non","Non","Dial-up","Non","Non","Oui","Non","Oui","Non","Non","Non","Oui","Non",0.153194636523128,0.846805363476872
38,"Marrié(e)",3,42,"$25 - $49",22,"Standard","Inf au Bac",5,"Non","2 à 5","Neutre","Femme",4,"Oui","Non","Non","Non","Aucun","Oui","Non","Oui","Oui","Oui","Non","Non","Non","Non","Non",0.179862577239774,0.820137422760226
60,"Non marrié(e)",22,34,"$25 - $49",16.7,"Standard","Bac +2",2,"Non","Moins de 2","Neutre","Homme",1,"Oui","Non","Non","Non","Dial-up","Oui","Non","Oui","Oui","Oui","Non","Non","Oui","Non","Non",0.0996674827598861,0.900332517240114
35,"Marrié(e)",12,34,"$25 - $49",17.2,"Standard","Bac +3/4",4,"Non","Moins de 2","Neutre","Homme",4,"Oui","Oui","Oui","Non","Aucun","Oui","Oui","Oui","Oui","Oui","Oui","Non","Oui","Non","Non",0.139872365356854,0.860127634643146
39,"Marrié(e)",5,50,"$50 - $74",25.4,"Standard","Bac +2",14,"Non","2 à 5","Satisfait","Femme",5,"Non","Oui","Non","Non","Dial-up","Non","Oui","Oui","Oui","Oui","Non","Oui","Non","Oui","Non",0.0183811563387627,0.981618843661237
20,"Marrié(e)",0,12,"Inf à $25",6,"Economique","Bac +2",0,"Non","Moins de 2","Neutre","Femme",3,"Oui","Non","Non","Non","Dial-up","Non","Non","Non","Oui","Oui","Non","Non","Non","Non","Non",0.40012599036362,0.59987400963638
25,"Non marrié(e)",6,49,"$25 - $49",24.3,"Standard","Bac +2",2,"Non","Moins de 2","Très insatisfait","Femme",4,"Non","Non","Non","Oui","Dial-up","Non","Non","Oui","Oui","Oui","Non","Oui","Non","Non","Non",0.064357423485727,0.935642576514273
19,"Marrié(e)",0,15,"Inf à $25",7.4,"Economique","Niveau Bac",0,"Non","Moins de 2","Très insatisfait","Homme",7,"Oui","Oui","Non","Non","Aucun","Oui","Oui","Oui","Oui","Oui","Non","Oui","Non","Non","Non",0.223044526263081,0.776955473736919
62,"Marrié(e)",12,12,"Inf à $25",5.8,"Economique","Bac +3/4",25,"Oui","6 à 10","Très satisfait","Homme",2,"Non","Non","Non","Non","Aucun","Non","Non","Oui","Non","Non","Non","Non","Non","Oui","Oui",0.667841499863321,0.33215850013668
40,"Marrié(e)",0,38,"$25 - $49",19.2,"Standard","Niveau Bac",9,"Non","2 à 5","Neutre","Femme",4,"Oui","Oui","Oui","Oui","Aucun","Oui","Oui","Oui","Oui","Oui","Non","Non","Oui","Oui","Non",0.149905077868422,0.850094922131579
42,"Non marrié(e)",7,39,"$25 - $49",19.4,"Standard","Niveau Bac",10,"Non","2 à 5","Satisfait","Homme",1,"Oui","Oui","Non","Oui","Aucun","Oui","Oui","Oui","Oui","Oui","Non","Non","Non","Oui","Non",0.112149949906026,0.887850050093974
36,"Marrié(e)",16,88,"$75 - $124",43.7,"Luxe","Bac +2",14,"Non","2 à 5","Satisfait","Homme",5,"Oui","Non","Oui","Oui","Dial-up","Oui","Non","Oui","Oui","Oui","Oui","Non","Oui","Oui","Non",0.0275820372402052,0.972417962759795
34,"Marrié(e)",1,29,"$25 - $49",14.2,"Economique","Niveau Bac",6,"Non","2 à 5","Satisfait","Femme",6,"Non","Non","Non","Non","Aucun","Non","Non","Oui","Oui","Oui","Non","Non","Non","Oui","Non",0.105390456247239,0.894609543752761
32,"Non marrié(e)",12,19,"Inf à $25",9.4,"Economique","Inf au Bac",7,"Non","2 à 5","Insatistait","Homme",4,"Non","Non","Non","Non","Aucun","Non","Non","Oui","Oui","Oui","Non","Non","Non","Oui","Non",0.236076157597666,0.763923842402334
43,"Marrié(e)",16,36,"$25 - $49",18,"Standard","Bac +5 et +",3,"Non","Moins de 2","Neutre","Homme",5,"Oui","Non","Non","Non","Aucun","Oui","Oui","Oui","Oui","Oui","Non","Oui","Oui","Oui","Non",0.072568923820954,0.927431076179046
36,"Non marrié(e)",14,23,"Inf à $25",11.2,"Economique","Inf au Bac",5,"Non","2 à 5","Neutre","Femme",2,"Non","Non","Non","Non","Aucun","Non","Non","Oui","Oui","Oui","Non","Non","Non","Oui","Non",0.188027790990736,0.811972209009264
65,"Marrié(e)",39,97,"$75 - $124",47.3,"Luxe","Inf au Bac",29,"Non","6 à 10","Satisfait","Femme",2,"Non","Oui","Oui","Non","Aucun","Non","Non","Oui","Oui","Oui","Non","Non","Non","Non","Non",0.0669800904831034,0.933019909516897
44,"Marrié(e)",0,99,"$75 - $124",48.8,"Luxe","Bac +2",20,"Non","6 à 10","Insatistait","Femme",2,"Oui","Oui","Oui","Non","Aucun","Non","Non","Oui","Oui","Oui","Non","Oui","Non","Oui","Non",0.0117014375438065,0.988298562456194
39,"Marrié(e)",9,31,"$25 - $49",15.5,"Standard","Inf au Bac",7,"Non","2 à 5","Neutre","Femme",2,"Non","Non","Oui","Non","Aucun","Non","Non","Oui","Oui","Oui","Non","Non","Non","Non","Non",0.220910561721089,0.779089438278911
45,"Marrié(e)",13,64,"$50 - $74",31.2,"Luxe","Niveau Bac",23,"Non","6 à 10","Neutre","Homme",3,"Non","Oui","Oui","Non","Aucun","Non","Non","Oui","Oui","Oui","Non","Non","Non","Non","Non",0.050062285815277,0.949937714184723
28,"Marrié(e)",6,45,"$25 - $49",22.1,"Standard","Bac +5 et +",1,"Non","Moins de 2","Très insatisfait","Homme",4,"Oui","Non","Non","Non","Dial-up","Oui","Non","Oui","Oui","Oui","Oui","Oui","Oui","Oui","Non",0.0268053766432998,0.9731946233567
26,"Marrié(e)",7,19,"Inf à $25",9.5,"Economique","Inf au Bac",4,"Non","Moins de 2","Très satisfait","Femme",4,"Non","Non","Oui","Non","Aucun","Oui","Non","Oui","Non","Oui","Non","Non","Non","Oui","Oui",0.515589140961193,0.484410859038807
29,"Marrié(e)",9,31,"$25 - $49",16,"Standard","Bac +3/4",5,"Non","2 à 5","Très satisfait","Femme",3,"Oui","Non","Non","Non","Aucun","Oui","Non","Oui","Oui","Oui","Non","Non","Non","Oui","Non",0.065616349699293,0.934383650300707
28,"Marrié(e)",3,21,"Inf à $25",10,"Economique","Niveau Bac",2,"Non","Moins de 2","Insatistait","Femme",5,"Non","Non","Oui","Non","Aucun","Non","Non","Oui","Oui","Oui","Non","Non","Non","Non","Non",0.363541306854858,0.636458693145142
59,"Marrié(e)",30,23,"Inf à $25",11.5,"Economique","Bac +2",2,"Non","Moins de 2","Satisfait","Homme",2,"Oui","Oui","Non","Non","Dial-up","Non","Oui","Oui","Oui","Oui","Non","Non","Non","Non","Non",0.177174548560147,0.822825451439853
31,"Marrié(e)",9,40,"$25 - $49",20.5,"Standard","Inf au Bac",15,"Non","6 à 10","Très satisfait","Homme",4,"Non","Oui","Oui","Non","Aucun","Oui","Non","Oui","Oui","Oui","Non","Non","Non","Non","Non",0.191253430923551,0.808746569076448
50,"Non marrié(e)",22,58,"$50 - $74",29.5,"Standard","Bac +2",4,"Non","Moins de 2","Neutre","Homme",1,"Non","Non","Non","Non","Aucun","Oui","Non","Oui","Oui","Oui","Non","Non","Non","Oui","Non",0.0678861161157495,0.932113883884251
32,"Marrié(e)",8,85,"$75 - $124",43.2,"Luxe","Bac +5 et +",1,"Non","Moins de 2","Très insatisfait","Homme",4,"Oui","Oui","Oui","Non","Dial-up","Oui","Oui","Oui","Oui","Oui","Oui","Oui","Oui","Non","Non",0.0209463222735598,0.97905367772644
41,"Non marrié(e)",4,73,"$50 - $74",36.4,"Luxe","Inf au Bac",13,"Non","2 à 5","Très satisfait","Femme",1,"Oui","Oui","Oui","Non","Dial-up","Oui","Non","Oui","Oui","Oui","Non","Non","Oui","Oui","Non",0.0213563921143044,0.978643607885696
51,"Non marrié(e)",8,171,"$75 - $124",86.5,"Luxe","Bac +3/4",25,"Non","6 à 10","Satisfait","Homme",2,"Oui","Oui","Oui","Non","Dial-up","Non","Non","Oui","Oui","Oui","Oui","Oui","Oui","Non","Non",0.00217062586739164,0.997829374132608
22,"Non marrié(e)",2,23,"Inf à $25",11.7,"Economique","Niveau Bac",2,"Non","Moins de 2","Insatistait","Homme",1,"Oui","Non","Non","Oui","Aucun","Oui","Oui","Oui","Oui","Non","Non","Non","Non","Oui","Oui",0.585038806122187,0.414961193877813
58,"Non marrié(e)",25,31,"$25 - $49",15.4,"Standard","Inf au Bac",7,"Non","2 à 5","Satisfait","Homme",1,"Non","Non","Non","Oui","Aucun","Non","Non","Oui","Oui","Oui","Non","Non","Non","Non","Non",0.266012837973056,0.733987162026944
20,"Marrié(e)",0,23,"Inf à $25",11.2,"Economique","Niveau Bac",1,"Non","Moins de 2","Très insatisfait","Femme",5,"Non","Non","Non","Non","Aucun","Non","Non","Oui","Oui","Oui","Non","Non","Non","Oui","Non",0.17687267453032,0.82312732546968
65,"Non marrié(e)",16,75,"$75 - $124",38.3,"Luxe","Bac +2",21,"Non","6 à 10","Satisfait","Homme",1,"Oui","Oui","Oui","Non","Aucun","Oui","Oui","Oui","Oui","Oui","Non","Non","Non","Non","Non",0.0761834996555824,0.923816500344418
29,"Non marrié(e)",6,35,"$25 - $49",17.3,"Standard","Bac +5 et +",0,"Non","Moins de 2","Très insatisfait","Femme",1,"Oui","Non","Non","Non","Dial-up","Oui","Non","Oui","Oui","Oui","Oui","Oui","Oui","Oui","Non",0.0232305580498654,0.976769441950135
50,"Marrié(e)",17,30,"$25 - $49",15.5,"Standard","Inf au Bac",1,"Non","Moins de 2","Insatistait","Femme",5,"Non","Non","Oui","Oui","Aucun","Non","Non","Oui","Oui","Oui","Non","Non","Non","Non","Non",0.354897479095855,0.645102520904145
63,"Non marrié(e)",12,28,"$25 - $49",13.7,"Economique","Inf au Bac",5,"Non","2 à 5","Insatistait","Homme",1,"Non","Non","Oui","Non","Aucun","Non","Oui","Oui","Oui","Oui","Non","Non","Non","Oui","Non",0.331215918379896,0.668784081620104
22,"Marrié(e)",2,61,"$50 - $74",29.6,"Standard","Bac +3/4",0,"Non","Moins de 2","Insatistait","Femme",4,"Oui","Oui","Oui","Non","Aucun","Non","Oui","Oui","Oui","Oui","Oui","Oui","Non","Oui","Non",0.0347588921559613,0.965241107844039
45,"Marrié(e)",17,143,"$75 - $124",70.7,"Luxe","Bac +2",7,"Non","2 à 5","Satisfait","Femme",2,"Non","Oui","Non","Non","Aucun","Oui","Oui","Oui","Oui","Oui","Non","Oui","Non","Non","Non",0.0173312554526019,0.982668744547398
57,"Marrié(e)",28,92,"$75 - $124",45.5,"Luxe","Niveau Bac",25,"Non","6 à 10","Très satisfait","Femme",4,"Non","Oui","Oui","Oui","Aucun","Non","Oui","Oui","Oui","Oui","Non","Non","Non","Non","Non",0.0804923773269752,0.919507622673025
48,"Marrié(e)",28,321,"$75 - $124",65.9,"Luxe","Bac +5 et +",11,"Non","2 à 5","Satisfait","Homme",2,"Oui","Oui","Oui","Non","Aucun","Oui","Oui","Oui","Oui","Oui","Oui","Oui","Oui","Non","Non",0.0184146084142689,0.981585391585731
41,"Marrié(e)",14,26,"$25 - $49",12.6,"Economique","Bac +3/4",7,"Non","2 à 5","Très insatisfait","Homme",2,"Oui","Oui","Non","Non","Dial-up","Non","Non","Oui","Oui","Oui","Non","Oui","Oui","Oui","Non",0.0175250730228877,0.982474926977112
35,"Non marrié(e)",6,35,"$25 - $49",17.5,"Standard","Niveau Bac",4,"Non","Moins de 2","Insatistait","Homme",1,"Non","Non","Oui","Oui","Aucun","Oui","Oui","Oui","Oui","Oui","Non","Non","Non","Non","Non",0.403287210442992,0.596712789557008
56,"Marrié(e)",33,69,"$50 - $74",34,"Luxe","Bac +3/4",7,"Non","2 à 5","Neutre","Homme",2,"Non","Oui","Oui","Non","Dial-up","Non","Non","Oui","Oui","Oui","Non","Non","Non","Non","Non",0.0300262027003246,0.969973797299675
44,"Non marrié(e)",15,101,"$75 - $124",51.5,"Luxe","Niveau Bac",17,"Non","6 à 10","Satisfait","Homme",5,"Non","Non","Non","Non","Aucun","Oui","Oui","Oui","Oui","Oui","Non","Non","Non","Non","Non",0.0580821954463591,0.941917804553641
29,"Non marrié(e)",6,24,"Inf à $25",11.9,"Economique","Inf au Bac",9,"Non","2 à 5","Neutre","Homme",1,"Non","Oui","Non","Oui","Aucun","Non","Oui","Oui","Oui","Oui","Non","Oui","Non","Oui","Non",0.191158395337595,0.808841604662405
44,"Marrié(e)",5,161,"$75 - $124",80.1,"Luxe","Niveau Bac",25,"Non","6 à 10","Insatistait","Homme",4,"Non","Non","Oui","Oui","Aucun","Oui","Oui","Oui","Oui","Oui","Non","Non","Non","Non","Non",0.0639278620911133,0.936072137908887
61,"Non marrié(e)",38,173,"$75 - $124",86.3,"Luxe","Niveau Bac",21,"Non","6 à 10","Satisfait","Homme",1,"Non","Oui","Oui","Oui","Aucun","Oui","Oui","Oui","Oui","Oui","Non","Non","Non","Non","Non",0.0388595853140248,0.961140414685975
54,"Non marrié(e)",25,72,"$50 - $74",35,"Luxe","Niveau Bac",15,"Non","6 à 10","Insatistait","Homme",1,"Oui","Oui","Oui","Non","Aucun","Oui","Non","Oui","Oui","Oui","Oui","Oui","Non","Non","Non",0.0361616313120767,0.963838368687923
38,"Marrié(e)",12,44,"$25 - $49",21.7,"Standard","Niveau Bac",2,"Non","Moins de 2","Très insatisfait","Homme",3,"Non","Non","Non","Non","Dial-up","Non","Non","Oui","Oui","Oui","Oui","Oui","Non","Non","Non",0.0482429876062019,0.951757012393798
62,"Marrié(e)",23,57,"$50 - $74",28.1,"Standard","Niveau Bac",26,"Non","6 à 10","Neutre","Femme",2,"Non","Non","Non","Oui","Aucun","Oui","Oui","Oui","Oui","Oui","Non","Non","Non","Non","Non",0.209764438631862,0.790235561368138
42,"Marrié(e)",15,39,"$25 - $49",19.6,"Standard","Bac +3/4",2,"Non","Moins de 2","Très insatisfait","Femme",4,"Oui","Oui","Non","Non","Dial-up","Non","Non","Oui","Oui","Oui","Non","Oui","Oui","Oui","Non",0.0118684360737734,0.988131563926227
64,"Non marrié(e)",10,56,"$50 - $74",26.7,"Standard","Bac +3/4",1,"Non","Moins de 2","Neutre","Femme",1,"Oui","Oui","Oui","Non","Aucun","Oui","Oui","Oui","Oui","Oui","Oui","Oui","Non","Oui","Non",0.0417726526053793,0.958227347394621
31,"Marrié(e)",4,30,"$25 - $49",15.2,"Standard","Niveau Bac",7,"Non","2 à 5","Insatistait","Femme",2,"Non","Oui","Oui","Non","Dial-up","Non","Non","Oui","Oui","Oui","Non","Non","Non","Non","Non",0.0894275227728646,0.910572477227135
48,"Marrié(e)",19,23,"Inf à $25",11.4,"Economique","Inf au Bac",7,"Non","2 à 5","Satisfait","Femme",2,"Non","Non","Oui","Non","Aucun","Oui","Non","Oui","Oui","Oui","Non","Non","Non","Oui","Non",0.314212435413055,0.685787564586945
32,"Non marrié(e)",13,28,"$25 - $49",14.1,"Economique","Inf au Bac",7,"Non","2 à 5","Neutre","Femme",1,"Non","Non","Oui","Non","Aucun","Oui","Non","Oui","Oui","Oui","Non","Non","Non","Non","Non",0.313554836331699,0.686445163668301
45,"Non marrié(e)",26,63,"$50 - $74",30.3,"Luxe","Bac +5 et +",4,"Non","Moins de 2","Insatistait","Homme",1,"Oui","Oui","Oui","Non","Dial-up","Oui","Non","Oui","Oui","Oui","Oui","Oui","Oui","Non","Non",0.0211975820649522,0.978802417935048
43,"Non marrié(e)",7,59,"$50 - $74",28.8,"Standard","Bac +3/4",15,"Non","6 à 10","Insatistait","Femme",3,"Oui","Non","Non","Non","Aucun","Non","Oui","Oui","Oui","Oui","Oui","Oui","Oui","Oui","Non",0.0236255560335413,0.976374443966459
47,"Non marrié(e)",13,195,"$75 - $124",97.1,"Luxe","Bac +2",20,"Non","6 à 10","Neutre","Homme",1,"Oui","Oui","Non","Non","Aucun","Non","Non","Oui","Oui","Oui","Oui","Oui","Oui","Non","Non",0.00228904237587609,0.997710957624124
24,"Non marrié(e)",3,59,"$50 - $74",28.4,"Standard","Bac +3/4",0,"Non","Moins de 2","Très insatisfait","Femme",4,"Non","Non","Non","Non","Dial-up","Non","Oui","Oui","Oui","Oui","Non","Oui","Non","Oui","Non",0.0206327273261217,0.979367272673878
52,"Marrié(e)",17,42,"$25 - $49",20.7,"Standard","Bac +2",7,"Non","2 à 5","Insatistait","Homme",2,"Oui","Oui","Non","Non","Dial-up","Non","Non","Oui","Oui","Oui","Non","Oui","Non","Oui","Non",0.0220709375740712,0.977929062425929
23,"Non marrié(e)",1,19,"Inf à $25",9.4,"Economique","Bac +2",0,"Non","Moins de 2","Très insatisfait","Homme",1,"Non","Non","Non","Non","Aucun","Non","Non","Oui","Non","Oui","Non","Oui","Non","Oui","Non",0.214043367245605,0.785956632754395
47,"Marrié(e)",10,112,"$75 - $124",54.7,"Luxe","Bac +2",11,"Non","2 à 5","Insatistait","Femme",2,"Non","Oui","Non","Non","Aucun","Oui","Oui","Oui","Oui","Oui","Non","Oui","Non","Oui","Non",0.0184499143402451,0.981550085659755
45,"Marrié(e)",23,52,"$50 - $74",25.2,"Standard","Niveau Bac",13,"Non","2 à 5","Neutre","Femme",5,"Non","Non","Oui","Oui","Aucun","Non","Oui","Oui","Oui","Oui","Non","Non","Non","Non","Non",0.21300659854355,0.78699340145645
41,"Non marrié(e)",6,95,"$75 - $124",48.3,"Luxe","Bac +5 et +",5,"Non","2 à 5","Insatistait","Homme",1,"Non","Oui","Non","Non","Dial-up","Oui","Oui","Oui","Oui","Oui","Non","Oui","Oui","Non","Non",0.0188120091003774,0.981187990899623
61,"Non marrié(e)",0,22,"Inf à $25",11,"Economique","Niveau Bac",0,"Non","Moins de 2","Très insatisfait","Femme",1,"Non","Non","Oui","Oui","Aucun","Oui","Oui","Oui","Oui","Oui","Non","Non","Non","Oui","Non",0.45249098565291,0.54750901434709
37,"Non marrié(e)",1,29,"$25 - $49",14.7,"Economique","Inf au Bac",4,"Non","Moins de 2","Très satisfait","Femme",5,"Non","Non","Oui","Oui","Aucun","Oui","Oui","Oui","Oui","Oui","Non","Non","Non","Non","Oui",0.517866199954853,0.482133800045147
25,"Non marrié(e)",3,21,"Inf à $25",10.8,"Economique","Inf au Bac",4,"Non","Moins de 2","Très satisfait","Femme",1,"Non","Non","Non","Non","Aucun","Non","Oui","Oui","Oui","Oui","Non","Non","Non","Oui","Non",0.274364928262154,0.725635071737846
57,"Marrié(e)",11,117,"$75 - $124",58.1,"Luxe","Niveau Bac",22,"Non","6 à 10","Très satisfait","Femme",2,"Oui","Oui","Non","Oui","Pas de réponse","Oui","Non","Oui","Oui","Oui","Non","Non","Non","Non","Non",0.0659164258994921,0.934083574100508
34,"Marrié(e)",12,28,"$25 - $49",14,"Economique","Inf au Bac",15,"Non","6 à 10","Satisfait","Homme",4,"Non","Non","Non","Non","Aucun","Oui","Oui","Oui","Oui","Oui","Non","Non","Non","Non","Non",0.335812533439076,0.664187466560924
59,"Non marrié(e)",17,128,"$75 - $124",64,"Luxe","Niveau Bac",18,"Non","6 à 10","Très insatisfait","Homme",2,"Non","Oui","Non","Non","Aucun","Oui","Non","Oui","Oui","Oui","Non","Non","Non","Oui","Non",0.0135711914883891,0.986428808511611
49,"Non marrié(e)",0,109,"$75 - $124",54.1,"Luxe","Niveau Bac",0,"Non","Moins de 2","Très insatisfait","Homme",1,"Non","Non","Non","Non","Aucun","Non","Non","Oui","Oui","Oui","Non","Non","Non","Oui","Non",0.0224935515137061,0.977506448486294
25,"Non marrié(e)",2,23,"Inf à $25",11.3,"Economique","Niveau Bac",5,"Non","2 à 5","Insatistait","Homme",2,"Non","Non","Non","Non","Aucun","Oui","Non","Oui","Oui","Oui","Non","Non","Non","Oui","Non",0.236321577833859,0.763678422166141
41,"Non marrié(e)",17,67,"$50 - $74",33.1,"Luxe","Inf au Bac",16,"Non","6 à 10","Très satisfait","Femme",3,"Oui","Oui","Non","Non","Dial-up","Non","Oui","Oui","Oui","Oui","Non","Oui","Oui","Oui","Non",0.01031615779159,0.98968384220841
28,"Marrié(e)",7,102,"$75 - $124",50.9,"Luxe","Bac +3/4",1,"Non","Moins de 2","Très insatisfait","Femme",4,"Oui","Oui","Oui","Non","Aucun","Oui","Oui","Oui","Oui","Oui","Non","Oui","Non","Oui","Non",0.0158572431030472,0.984142756896953
42,"Marrié(e)",5,62,"$50 - $74",30.4,"Luxe","Bac +5 et +",3,"Non","Moins de 2","Neutre","Homme",4,"Oui","Non","Non","Non","Dial-up","Non","Oui","Oui","Oui","Oui","Non","Oui","Non","Non","Non",0.0263737692148864,0.973626230785113
23,"Marrié(e)",3,19,"Inf à $25",9.5,"Economique","Inf au Bac",1,"Non","Moins de 2","Très insatisfait","Homme",5,"Non","Non","Non","Non","Aucun","Non","Non","Oui","Oui","Oui","Non","Non","Non","Oui","Non",0.242773129458066,0.757226870541934
62,"Marrié(e)",0,143,"$75 - $124",72.5,"Luxe","Inf au Bac",27,"Non","6 à 10","Insatistait","Homme",2,"Non","Oui","Non","Non","Aucun","Non","Non","Oui","Oui","Oui","Non","Non","Non","Non","Non",0.0287848953693258,0.971215104630674
48,"Marrié(e)",4,1116,"$75 - $124",74.1,"Luxe","Bac +3/4",22,"Non","6 à 10","Très satisfait","Homme",4,"Oui","Non","Oui","Non","Aucun","Oui","Oui","Oui","Oui","Oui","Oui","Non","Non","Non","Non",0.210224892924338,0.789775107075662
30,"Marrié(e)",8,32,"$25 - $49",16.1,"Standard","Bac +2",8,"Non","2 à 5","Neutre","Femme",4,"Non","Non","Non","Oui","Aucun","Non","Non","Oui","Oui","Oui","Non","Non","Non","Oui","Non",0.109209788979071,0.890790211020929
58,"Non marrié(e)",23,156,"$75 - $124",78.5,"Luxe","Niveau Bac",23,"Non","6 à 10","Très satisfait","Homme",1,"Oui","Oui","Oui","Oui","Aucun","Oui","Oui","Oui","Oui","Oui","Oui","Non","Oui","Non","Non",0.0313605459604048,0.968639454039595
54,"Non marrié(e)",29,178,"$75 - $124",88.6,"Luxe","Niveau Bac",11,"Non","2 à 5","Satisfait","Femme",1,"Oui","Oui","Oui","Non","Aucun","Oui","Oui","Oui","Oui","Oui","Oui","Non","Non","Oui","Non",0.00937545804550212,0.990624541954498
45,"Non marrié(e)",14,130,"$75 - $124",65,"Luxe","Bac +3/4",14,"Non","2 à 5","Très insatisfait","Homme",2,"Non","Oui","Non","Oui","Aucun","Oui","Oui","Oui","Oui","Oui","Oui","Non","Non","Non","Non",0.0310290004858141,0.968970999514186
20,"Non marrié(e)",1,33,"$25 - $49",16.3,"Standard","Bac +2",0,"Non","Moins de 2","Très insatisfait","Homme",1,"Oui","Non","Non","Non","Dial-up","Oui","Oui","Oui","Oui","Oui","Non","Oui","Non","Oui","Non",0.0530809837648716,0.946919016235128
49,"Marrié(e)",10,23,"Inf à $25",10.7,"Economique","Inf au Bac",3,"Non","Moins de 2","Insatistait","Homme",2,"Non","Non","Non","Non","Aucun","Non","Non","Oui","Oui","Non","Non","Non","Non","Oui","Non",0.470148869534581,0.529851130465419
24,"Non marrié(e)",1,16,"Inf à $25",7.8,"Economique","Bac +3/4",0,"Non","Moins de 2","Insatistait","Homme",4,"Oui","Oui","Oui","Non","Aucun","Oui","Non","Oui","Oui","Non","Non","Non","Non","Non","Non",0.468323430621133,0.531676569378867
29,"Marrié(e)",4,30,"$25 - $49",14.9,"Economique","Niveau Bac",1,"Non","Moins de 2","Insatistait","Femme",4,"Non","Oui","Non","Non","Aucun","Non","Non","Oui","Oui","Oui","Non","Non","Non","Non","Non",0.155551182325657,0.844448817674343
64,"Marrié(e)",32,16,"Inf à $25",7.9,"Economique","Bac +2",28,"Oui","6 à 10","Très satisfait","Homme",2,"Non","Non","Oui","Non","Aucun","Oui","Oui","Oui","Oui","Oui","Non","Non","Oui","Non","Oui",0.710032926087222,0.289967073912778
55,"Non marrié(e)",29,35,"$25 - $49",17.8,"Standard","Bac +3/4",15,"Non","6 à 10","Insatistait","Homme",1,"Oui","Oui","Non","Non","Dial-up","Non","Non","Oui","Oui","Oui","Non","Oui","Non","Non","Non",0.0259459003002688,0.974054099699731
55,"Non marrié(e)",34,29,"$25 - $49",14.5,"Economique","Inf au Bac",11,"Non","2 à 5","Insatistait","Femme",1,"Non","Non","Oui","Non","Aucun","Non","Non","Oui","Oui","Oui","Non","Non","Non","Non","Non",0.33179558823761,0.66820441176239
27,"Non marrié(e)",0,31,"$25 - $49",15.6,"Standard","Bac +2",6,"Non","2 à 5","Satisfait","Femme",1,"Oui","Oui","Oui","Non","Dial-up","Non","Non","Oui","Oui","Oui","Non","Non","Non","Oui","Non",0.035883435496647,0.964116564503353
50,"Non marrié(e)",19,33,"$25 - $49",16.3,"Standard","Bac +2",3,"Non","Moins de 2","Satisfait","Homme",1,"Non","Non","Non","Non","Aucun","Non","Non","Oui","Oui","Oui","Non","Non","Non","Oui","Non",0.0832886223809524,0.916711377619048
33,"Non marrié(e)",2,180,"$75 - $124",90.3,"Luxe","Bac +5 et +",1,"Non","Moins de 2","Neutre","Femme",1,"Oui","Non","Non","Non","Aucun","Oui","Oui","Oui","Oui","Oui","Oui","Oui","Non","Oui","Non",0.00504779038656233,0.994952209613438
55,"Non marrié(e)",10,76,"$75 - $124",37.4,"Luxe","Inf au Bac",22,"Non","6 à 10","Satisfait","Homme",1,"Oui","Oui","Non","Oui","Dial-up","Oui","Oui","Oui","Oui","Oui","Non","Oui","Oui","Oui","Non",0.0206658310733344,0.979334168926665
57,"Non marrié(e)",27,34,"$25 - $49",17.1,"Standard","Niveau Bac",16,"Non","6 à 10","Très insatisfait","Femme",1,"Non","Non","Non","Non","Aucun","Oui","Non","Oui","Oui","Oui","Non","Oui","Non","Non","Non",0.0954239853001086,0.904576014699891
50,"Non marrié(e)",13,180,"$75 - $124",89.4,"Luxe","Bac +2",23,"Non","6 à 10","Très satisfait","Femme",1,"Non","Non","Non","Non","Aucun","Non","Non","Oui","Oui","Oui","Non","Non","Non","Oui","Non",0.00510056210701938,0.994899437892981
45,"Marrié(e)",0,23,"Inf à $25",11.6,"Economique","Inf au Bac",8,"Non","2 à 5","Satisfait","Homme",5,"Non","Oui","Non","Non","Dial-up","Non","Non","Oui","Oui","Oui","Non","Non","Non","Non","Non",0.170523410272969,0.829476589727031
21,"Marrié(e)",0,19,"Inf à $25",9.3,"Economique","Bac +2",0,"Non","Moins de 2","Très insatisfait","Femme",3,"Oui","Non","Oui","Oui","Aucun","Oui","Oui","Oui","Oui","Oui","Oui","Oui","Oui","Non","Non",0.392740053147014,0.607259946852986
52,"Non marrié(e)",31,125,"$75 - $124",61.2,"Luxe","Bac +3/4",20,"Non","6 à 10","Très satisfait","Femme",1,"Non","Oui","Oui","Oui","Aucun","Non","Non","Oui","Oui","Oui","Non","Non","Non","Non","Non",0.0255948839788716,0.974405116021128
41,"Marrié(e)",6,285,"$75 - $124",73.9,"Luxe","Bac +3/4",14,"Non","2 à 5","Satisfait","Homme",4,"Oui","Oui","Oui","Non","Aucun","Non","Oui","Oui","Oui","Oui","Non","Oui","Non","Non","Non",0.0103215831037282,0.989678416896272
32,"Non marrié(e)",0,16,"Inf à $25",8,"Economique","Inf au Bac",4,"Non","Moins de 2","Très insatisfait","Homme",1,"Non","Non","Non","Non","Aucun","Oui","Non","Oui","Oui","Oui","Non","Non","Non","Oui","Non",0.26412191634901,0.73587808365099
46,"Non marrié(e)",4,29,"$25 - $49",14.3,"Economique","Bac +3/4",6,"Non","2 à 5","Satisfait","Femme",1,"Oui","Oui","Oui","Oui","Aucun","Oui","Oui","Oui","Oui","Oui","Oui","Oui","Oui","Non","Non",0.144804652210231,0.855195347789769
42,"Non marrié(e)",16,28,"$25 - $49",13.9,"Economique","Bac +2",0,"Non","Moins de 2","Très insatisfait","Femme",1,"Oui","Non","Non","Non","Dial-up","Oui","Oui","Oui","Oui","Oui","Non","Oui","Non","Oui","Non",0.0557328972578619,0.944267102742138
24,"Non marrié(e)",5,32,"$25 - $49",16.2,"Standard","Niveau Bac",1,"Non","Moins de 2","Très insatisfait","Homme",1,"Non","Non","Non","Non","Aucun","Non","Non","Oui","Oui","Oui","Non","Non","Non","Oui","Non",0.0851885473143073,0.914811452685693
38,"Marrié(e)",10,84,"$75 - $124",42.3,"Luxe","Niveau Bac",13,"Non","2 à 5","Très satisfait","Femme",2,"Oui","Non","Non","Oui","Dial-up","Oui","Non","Oui","Oui","Oui","Oui","Oui","Oui","Oui","Non",0.0124817472049313,0.987518252795069
45,"Non marrié(e)",5,84,"$75 - $124",43,"Luxe","Bac +2",17,"Non","6 à 10","Très satisfait","Homme",1,"Oui","Non","Non","Non","Ne sait pas","Oui","Non","Oui","Oui","Oui","Non","Non","Non","Oui","Non",0.0366909286645301,0.96330907133547
64,"Marrié(e)",26,83,"$75 - $124",42.1,"Luxe","Niveau Bac",23,"Non","6 à 10","Très satisfait","Femme",3,"Non","Oui","Oui","Oui","Aucun","Non","Non","Oui","Oui","Oui","Non","Oui","Non","Non","Non",0.0444597730672508,0.955540226932749
45,"Marrié(e)",17,27,"$25 - $49",13.6,"Economique","Bac +2",1,"Non","Moins de 2","Neutre","Homme",3,"Non","Oui","Oui","Non","Dial-up","Non","Non","Oui","Oui","Oui","Non","Oui","Non","Non","Non",0.0762007833813308,0.923799216618669
56,"Non marrié(e)",10,179,"$75 - $124",89.6,"Luxe","Inf au Bac",29,"Non","6 à 10","Satisfait","Femme",1,"Non","Non","Non","Non","Aucun","Non","Oui","Oui","Oui","Oui","Non","Non","Non","Oui","Non",0.0111914504742675,0.988808549525732
40,"Non marrié(e)",14,25,"$25 - $49",12.2,"Economique","Bac +2",3,"Non","Moins de 2","Très satisfait","Femme",1,"Oui","Non","Oui","Oui","Aucun","Oui","Oui","Oui","Oui","Oui","Oui","Non","Oui","Non","Non",0.341207657507043,0.658792342492957
26,"Non marrié(e)",4,35,"$25 - $49",17.6,"Standard","Bac +3/4",1,"Non","Moins de 2","Insatistait","Femme",1,"Non","Non","Non","Non","Dial-up","Non","Non","Oui","Oui","Oui","Non","Oui","Non","Oui","Non",0.0263177349378633,0.973682265062137
28,"Marrié(e)",1,21,"Inf à $25",10.5,"Economique","Bac +3/4",0,"Non","Moins de 2","Très insatisfait","Femme",6,"Non","Oui","Non","Non","Dial-up","Non","Non","Oui","Oui","Non","Non","Oui","Non","Oui","Non",0.0818983200226763,0.918101679977324
33,"Non marrié(e)",14,25,"$25 - $49",12.3,"Economique","Inf au Bac",1,"Non","Moins de 2","Neutre","Homme",1,"Non","Non","Non","Non","Aucun","Non","Non","Oui","Oui","Oui","Non","Oui","Non","Non","Non",0.162362265010637,0.837637734989363
24,"Marrié(e)",0,23,"Inf à $25",11.9,"Economique","Bac +3/4",0,"Non","Moins de 2","Très insatisfait","Homme",6,"Oui","Non","Non","Non","Dial-up","Oui","Oui","Oui","Non","Oui","Oui","Oui","Oui","Oui","Non",0.146549811710176,0.853450188289824
70,"Marrié(e)",15,14,"Inf à $25",6.9,"Economique","Inf au Bac",6,"Oui","2 à 5","Neutre","Homme",2,"Non","Oui","Oui","Non","Aucun","Oui","Non","Oui","Oui","Oui","Non","Non","Non","Oui","Oui",0.570580107646972,0.429419892353028
35,"Marrié(e)",8,97,"$75 - $124",48.7,"Luxe","Bac +2",13,"Non","2 à 5","Satisfait","Homme",5,"Non","Non","Non","Non","Dial-up","Non","Oui","Oui","Oui","Oui","Non","Oui","Non","Non","Non",0.0213307779389466,0.978669222061053
25,"Marrié(e)",3,17,"Inf à $25",8.5,"Economique","Inf au Bac",2,"Non","Moins de 2","Insatistait","Femme",3,"Non","Non","Oui","Non","Aucun","Non","Oui","Oui","Non","Non","Non","Non","Non","Oui","Oui",0.78241570411349,0.21758429588651
44,"Non marrié(e)",10,63,"$50 - $74",31.5,"Luxe","Bac +3/4",8,"Non","2 à 5","Insatistait","Homme",3,"Oui","Oui","Oui","Non","Dial-up","Non","Oui","Oui","Oui","Oui","Oui","Oui","Non","Non","Non",0.0196319761162925,0.980368023883707
69,"Marrié(e)",28,13,"Inf à $25",6.4,"Economique","Inf au Bac",10,"Oui","2 à 5","Très satisfait","Homme",2,"Non","Non","Oui","Non","Aucun","Non","Non","Oui","Oui","Oui","Non","Non","Non","Oui","Oui",0.594081595246264,0.405918404753737
32,"Non marrié(e)",4,35,"$25 - $49",16.9,"Standard","Bac +2",10,"Non","2 à 5","Neutre","Femme",1,"Oui","Oui","Oui","Non","Dial-up","Oui","Oui","Oui","Oui","Oui","Oui","Oui","Oui","Oui","Non",0.0341355437093609,0.965864456290639
34,"Marrié(e)",0,15,"Inf à $25",7.3,"Economique","Bac +5 et +",3,"Non","Moins de 2","Très insatisfait","Femme",5,"Oui","Oui","Non","Non","Dial-up","Non","Non","Oui","Oui","Oui","Oui","Oui","Non","Oui","Non",0.0317323614055228,0.968267638594477
44,"Marrié(e)",0,29,"$25 - $49",13.8,"Economique","Inf au Bac",2,"Non","Moins de 2","Satisfait","Homme",4,"Non","Non","Non","Non","Aucun","Non","Oui","Oui","Oui","Oui","Non","Non","Non","Oui","Non",0.228963712038095,0.771036287961905
47,"Non marrié(e)",1,28,"$25 - $49",13.7,"Economique","Bac +2",8,"Non","2 à 5","Neutre","Homme",5,"Oui","Oui","Oui","Non","Dial-up","Oui","Oui","Oui","Oui","Oui","Non","Oui","Oui","Oui","Non",0.0604458717001707,0.939554128299829
48,"Non marrié(e)",0,103,"$75 - $124",51,"Luxe","Bac +2",17,"Non","6 à 10","Très satisfait","Femme",1,"Non","Non","Non","Non","Aucun","Non","Oui","Oui","Oui","Oui","Non","Oui","Non","Oui","Non",0.0162505983994111,0.983749401600589
24,"Marrié(e)",0,22,"Inf à $25",10.8,"Economique","Bac +2",0,"Non","Moins de 2","Très insatisfait","Femme",3,"Non","Oui","Non","Non","Aucun","Non","Non","Oui","Oui","Oui","Non","Non","Non","Oui","Non",0.124471569108902,0.875528430891098
33,"Marrié(e)",0,42,"$25 - $49",21.4,"Standard","Inf au Bac",3,"Non","Moins de 2","Satisfait","Homme",5,"Non","Non","Non","Non","Aucun","Non","Oui","Oui","Oui","Oui","Non","Non","Non","Oui","Non",0.164802758267318,0.835197241732682
49,"Marrié(e)",29,108,"$75 - $124",54.4,"Luxe","Niveau Bac",15,"Non","6 à 10","Neutre","Homme",4,"Non","Non","Non","Non","Aucun","Oui","Oui","Oui","Oui","Oui","Non","Oui","Non","Oui","Non",0.024502938461794,0.975497061538206
58,"Marrié(e)",21,46,"$25 - $49",22.2,"Standard","Niveau Bac",0,"Non","Moins de 2","Insatistait","Homme",2,"Non","Non","Oui","Oui","Aucun","Non","Oui","Oui","Oui","Oui","Non","Non","Non","Oui","Non",0.269893957553954,0.730106042446047
48,"Non marrié(e)",26,160,"$75 - $124",78.1,"Luxe","Bac +3/4",18,"Non","6 à 10","Satisfait","Femme",1,"Non","Oui","Non","Non","Aucun","Non","Non","Oui","Oui","Oui","Non","Oui","Non","Oui","Non",0.0025914148594678,0.997408585140532
49,"Non marrié(e)",3,50,"$50 - $74",25.4,"Standard","Bac +2",9,"Non","2 à 5","Neutre","Homme",1,"Non","Oui","Non","Non","Dial-up","Oui","Non","Oui","Oui","Oui","Non","Oui","Non","Oui","Non",0.0184286297886802,0.98157137021132
44,"Marrié(e)",8,48,"$25 - $49",23.2,"Standard","Bac +2",7,"Non","2 à 5","Neutre","Homme",3,"Non","Non","Oui","Oui","Aucun","Oui","Oui","Oui","Oui","Oui","Non","Non","Non","Non","Non",0.358453317170636,0.641546682829364
42,"Marrié(e)",2,54,"$50 - $74",27.8,"Standard","Inf au Bac",11,"Non","2 à 5","Insatistait","Homme",3,"Non","Non","Non","Non","Aucun","Non","Oui","Oui","Oui","Oui","Non","Non","Oui","Non","Non",0.191588838651885,0.808411161348115
48,"Marrié(e)",0,50,"$50 - $74",25.2,"Standard","Niveau Bac",11,"Non","2 à 5","Neutre","Femme",4,"Non","Non","Non","Non","Aucun","Oui","Non","Oui","Oui","Oui","Non","Non","Non","Oui","Non",0.0716769486530417,0.928323051346958
70,"Non marrié(e)",35,17,"Inf à $25",8.4,"Economique","Bac +2",18,"Oui","6 à 10","Insatistait","Femme",1,"Non","Non","Non","Non","Aucun","Non","Non","Oui","Oui","Oui","Non","Non","Non","Non","Oui",0.538962952631852,0.461037047368148
21,"Marrié(e)",1,22,"Inf à $25",11.3,"Economique","Bac +2",0,"Non","Moins de 2","Très insatisfait","Homme",6,"Oui","Non","Non","Non","Aucun","Non","Non","Oui","Oui","Oui","Non","Non","Non","Non","Non",0.246466371849724,0.753533628150276
30,"Non marrié(e)",6,31,"$25 - $49",15.3,"Standard","Bac +2",2,"Non","Moins de 2","Neutre","Homme",1,"Oui","Non","Non","Non","Dial-up","Non","Oui","Oui","Oui","Oui","Oui","Non","Non","Oui","Non",0.0547540212049607,0.945245978795039
55,"Marrié(e)",8,160,"$75 - $124",78.6,"Luxe","Niveau Bac",34,"Non","6 à 10","Satisfait","Homme",2,"Non","Non","Oui","Oui","Aucun","Oui","Oui","Oui","Oui","Oui","Non","Oui","Non","Non","Non",0.0394991519333144,0.960500848066686
19,"Marrié(e)",0,20,"Inf à $25",10.3,"Economique","Niveau Bac",0,"Non","Moins de 2","Neutre","Femme",5,"Non","Non","Non","Oui","Aucun","Oui","Oui","Non","Oui","Non","Non","Oui","Non","Oui","Oui",0.771038692105957,0.228961307894043
29,"Non marrié(e)",5,35,"$25 - $49",17.3,"Standard","Niveau Bac",10,"Non","2 à 5","Neutre","Homme",1,"Non","Non","Non","Non","Aucun","Oui","Non","Oui","Oui","Oui","Non","Oui","Non","Oui","Non",0.0652412818799786,0.934758718120021
28,"Marrié(e)",3,43,"$25 - $49",21.7,"Standard","Bac +3/4",3,"Non","Moins de 2","Insatistait","Homme",4,"Non","Non","Oui","Non","Aucun","Oui","Oui","Oui","Oui","Oui","Non","Oui","Non","Oui","Non",0.12191607474832,0.87808392525168
40,"Non marrié(e)",13,61,"$50 - $74",29.4,"Standard","Bac +3/4",3,"Non","Moins de 2","Très insatisfait","Femme",2,"Non","Non","Oui","Non","Aucun","Non","Oui","Oui","Oui","Oui","Non","Oui","Non","Oui","Non",0.041145253218584,0.958854746781416
41,"Marrié(e)",17,34,"$25 - $49",16.6,"Standard","Inf au Bac",0,"Non","Moins de 2","Insatistait","Homme",4,"Non","Non","Non","Non","Aucun","Non","Non","Oui","Oui","Oui","Non","Non","Non","Non","Non",0.223215893997923,0.776784106002077
58,"Non marrié(e)",0,138,"$75 - $124",68.4,"Luxe","Inf au Bac",36,"Non","6 à 10","Insatistait","Homme",1,"Non","Oui","Non","Oui","Aucun","Non","Non","Oui","Oui","Oui","Non","Non","Non","Non","Non",0.039392476198798,0.960607523801202
68,"Marrié(e)",43,9,"Inf à $25",4.6,"Economique","Inf au Bac",6,"Oui","2 à 5","Insatistait","Femme",3,"Oui","Oui","Oui","Oui","Pas de réponse","Non","Non","Non","Non","Non","Non","Oui","Non","Non","Oui",0.984636934762789,0.0153630652372114
49,"Marrié(e)",21,68,"$50 - $74",34.2,"Luxe","Inf au Bac",18,"Non","6 à 10","Satisfait","Homme",4,"Oui","Non","Oui","Oui","Pas de réponse","Oui","Oui","Oui","Oui","Oui","Non","Non","Non","Oui","Non",0.225780744266313,0.774219255733687
64,"Non marrié(e)",25,27,"$25 - $49",13.4,"Economique","Niveau Bac",14,"Oui","2 à 5","Très satisfait","Femme",1,"Oui","Non","Non","Non","Aucun","Oui","Non","Oui","Oui","Oui","Non","Non","Non","Oui","Non",0.263996704337817,0.736003295662183
42,"Marrié(e)",8,75,"$75 - $124",38.2,"Luxe","Niveau Bac",13,"Non","2 à 5","Très satisfait","Homme",2,"Non","Oui","Non","Non","Aucun","Non","Non","Oui","Oui","Oui","Non","Oui","Non","Non","Non",0.0231091317623194,0.976890868237681
35,"Marrié(e)",12,30,"$25 - $49",14.8,"Economique","Niveau Bac",4,"Non","Moins de 2","Satisfait","Homme",3,"Non","Oui","Non","Non","Aucun","Oui","Oui","Oui","Oui","Oui","Non","Non","Non","Oui","Non",0.146473775384877,0.853526224615124
36,"Marrié(e)",13,78,"$75 - $124",39.4,"Luxe","Niveau Bac",10,"Non","2 à 5","Insatistait","Homme",4,"Oui","Oui","Non","Non","Aucun","Non","Oui","Oui","Oui","Oui","Non","Oui","Non","Oui","Non",0.018356929059258,0.981643070940742
41,"Marrié(e)",16,24,"Inf à $25",12.1,"Economique","Niveau Bac",3,"Non","Moins de 2","Satisfait","Homme",2,"Non","Oui","Non","Non","Aucun","Oui","Oui","Oui","Oui","Oui","Oui","Oui","Oui","Non","Non",0.203680588696249,0.796319411303751
